{"cameraMode":{"drawMode":0,"name":"Shaded","section":"Shading Mode"},"sceneLighting":true,"audioPlay":false,"sceneViewState":{"m_AlwaysRefresh":false,"showFog":true,"showSkybox":false,"showFlares":true,"showImageEffects":true,"showParticleSystems":true,"showVisualEffectGraphs":true,"m_FxEnabled":true},"in2DMode":false,"pivot":{"x":-10.225564002990723,"y":2.5358986854553224,"z":7.983104705810547},"rotation":{"x":0.007811127230525017,"y":0.4381863474845886,"z":0.003809256013482809,"w":-0.8988446593284607},"size":10.766393661499024,"orthographic":false}